x,y,z,J
-0.0,0.0,0.0,0.766
-0.0,0.0,1.0,0.767
-0.0,0.0,2.0,0.767
-0.0,0.0,3.0,0.767
-0.0,0.0,4.0,0.768
-0.0,0.0,6.0,0.768
-0.0,0.0,7.0,0.769
-0.0,0.0,8.0,0.77
-0.0,0.0,9.0,0.771
-0.0,0.0,10.0,0.772
-0.0,1.0,0.0,0.766
-0.0,1.0,1.0,0.767
-0.0,1.0,2.0,0.767
-0.0,1.0,3.0,0.767
-0.0,1.0,4.0,0.768
-0.0,1.0,6.0,0.768
-0.0,1.0,7.0,0.769
-0.0,1.0,8.0,0.77
-0.0,1.0,9.0,0.771
-0.0,1.0,10.0,0.772
-0.0,2.0,0.0,0.766
-0.0,2.0,1.0,0.767
-0.0,2.0,2.0,0.767
-0.0,2.0,3.0,0.767
-0.0,2.0,4.0,0.768
-0.0,2.0,6.0,0.768
-0.0,2.0,7.0,0.769
-0.0,2.0,8.0,0.77
-0.0,2.0,9.0,0.771
-0.0,2.0,10.0,0.772
-0.0,3.0,0.0,0.765
-0.0,3.0,1.0,0.767
-0.0,3.0,2.0,0.767
-0.0,3.0,3.0,0.767
-0.0,3.0,4.0,0.768
-0.0,3.0,6.0,0.768
-0.0,3.0,7.0,0.769
-0.0,3.0,8.0,0.77
-0.0,3.0,9.0,0.771
-0.0,3.0,10.0,0.772
-0.0,4.0,0.0,0.765
-0.0,4.0,1.0,0.768
-0.0,4.0,2.0,0.768
-0.0,4.0,3.0,0.768
-0.0,4.0,4.0,0.768
-0.0,4.0,6.0,0.769
-0.0,4.0,7.0,0.769
-0.0,4.0,8.0,0.77
-0.0,4.0,9.0,0.771
-0.0,4.0,10.0,0.771
-0.0,5.0,0.0,0.764
-0.0,5.0,1.0,0.768
-0.0,5.0,2.0,0.768
-0.0,5.0,3.0,0.769
-0.0,5.0,4.0,0.769
-0.0,5.0,6.0,0.769
-0.0,5.0,7.0,0.769
-0.0,5.0,8.0,0.77
-0.0,5.0,9.0,0.771
-0.0,5.0,10.0,0.77
-0.0,6.0,0.0,0.764
-0.0,6.0,1.0,0.769
-0.0,6.0,2.0,0.77
-0.0,6.0,3.0,0.77
-0.0,6.0,4.0,0.77
-0.0,6.0,6.0,0.77
-0.0,6.0,7.0,0.77
-0.0,6.0,8.0,0.77
-0.0,6.0,9.0,0.77
-0.0,6.0,10.0,0.769
-0.0,7.0,0.0,0.763
-0.0,7.0,1.0,0.77
-0.0,7.0,2.0,0.772
-0.0,7.0,3.0,0.773
-0.0,7.0,4.0,0.772
-0.0,7.0,6.0,0.771
-0.0,7.0,7.0,0.77
-0.0,7.0,8.0,0.769
-0.0,7.0,9.0,0.77
-0.0,7.0,10.0,0.768
-0.0,8.0,0.0,0.763
-0.0,8.0,1.0,0.773
-0.0,8.0,2.0,0.776
-0.0,8.0,3.0,0.777
-0.0,8.0,4.0,0.776
-0.0,8.0,6.0,0.774
-0.0,8.0,7.0,0.771
-0.0,8.0,8.0,0.769
-0.0,8.0,9.0,0.769
-0.0,8.0,10.0,0.766
-0.0,9.0,0.0,0.761
-0.0,9.0,1.0,0.78
-0.0,9.0,2.0,0.781
-0.0,9.0,3.0,0.781
-0.0,9.0,4.0,0.781
-0.0,9.0,6.0,0.779
-0.0,9.0,7.0,0.773
-0.0,9.0,8.0,0.767
-0.0,9.0,9.0,0.767
-0.0,9.0,10.0,0.764
-0.0,10.0,0.0,0.743
-0.0,10.0,1.0,0.746
-0.0,10.0,2.0,0.738
-0.0,10.0,3.0,0.746
-0.0,10.0,4.0,0.755
-0.0,10.0,6.0,0.757
-0.0,10.0,7.0,0.746
-0.0,10.0,8.0,0.727
-0.0,10.0,9.0,0.717
-0.0,10.0,10.0,0.723
-0.0,11.0,0.0,0.754
-0.0,11.0,1.0,0.791
-0.0,11.0,2.0,0.785
-0.0,11.0,3.0,0.799
-0.0,11.0,4.0,0.805
-0.0,11.0,6.0,0.807
-0.0,11.0,7.0,0.803
-0.0,11.0,8.0,0.785
-0.0,11.0,9.0,0.766
-0.0,11.0,10.0,0.768
-0.0,12.0,0.0,0.753
-0.0,12.0,1.0,0.775
-0.0,12.0,2.0,0.775
-0.0,12.0,3.0,0.803
-0.0,12.0,4.0,0.805
-0.0,12.0,6.0,0.804
-0.0,12.0,7.0,0.812
-0.0,12.0,8.0,0.796
-0.0,12.0,9.0,0.752
-0.0,12.0,10.0,0.743
-0.0,13.0,0.0,0.74
-0.0,13.0,1.0,0.752
-0.0,13.0,2.0,0.806
-0.0,13.0,3.0,0.832
-0.0,13.0,4.0,0.824
-0.0,13.0,6.0,0.822
-0.0,13.0,7.0,0.831
-0.0,13.0,8.0,0.837
-0.0,13.0,9.0,0.767
-0.0,13.0,10.0,0.702
-0.0,14.0,0.0,0.659
-0.0,14.0,1.0,0.799
-0.0,14.0,2.0,0.891
-0.0,14.0,3.0,0.874
-0.0,14.0,4.0,0.863
-0.0,14.0,6.0,0.862
-0.0,14.0,7.0,0.869
-0.0,14.0,8.0,0.889
-0.0,14.0,9.0,0.872
-0.0,14.0,10.0,0.624
-0.0,15.0,1.0,1.108
-0.0,15.0,2.0,1.107
-0.0,15.0,3.0,1.092
-0.0,15.0,4.0,1.087
-0.0,15.0,6.0,1.089
-0.0,15.0,7.0,1.097
-0.0,15.0,8.0,1.109
-0.0,15.0,9.0,1.134
-0.0,15.0,10.0,0.898
1.0,0.0,0.0,0.766
1.0,0.0,1.0,0.767
1.0,0.0,2.0,0.767
1.0,0.0,3.0,0.767
1.0,0.0,4.0,0.768
1.0,0.0,6.0,0.768
1.0,0.0,7.0,0.769
1.0,0.0,8.0,0.77
1.0,0.0,9.0,0.771
1.0,0.0,10.0,0.772
1.0,1.0,0.0,0.766
1.0,1.0,1.0,0.767
1.0,1.0,2.0,0.767
1.0,1.0,3.0,0.767
1.0,1.0,4.0,0.768
1.0,1.0,6.0,0.768
1.0,1.0,7.0,0.769
1.0,1.0,8.0,0.77
1.0,1.0,9.0,0.771
1.0,1.0,10.0,0.772
1.0,2.0,0.0,0.765
1.0,2.0,1.0,0.767
1.0,2.0,2.0,0.767
1.0,2.0,3.0,0.767
1.0,2.0,4.0,0.768
1.0,2.0,6.0,0.768
1.0,2.0,7.0,0.769
1.0,2.0,8.0,0.77
1.0,2.0,9.0,0.771
1.0,2.0,10.0,0.772
1.0,3.0,0.0,0.765
1.0,3.0,1.0,0.767
1.0,3.0,2.0,0.767
1.0,3.0,3.0,0.767
1.0,3.0,4.0,0.768
1.0,3.0,6.0,0.768
1.0,3.0,7.0,0.769
1.0,3.0,8.0,0.77
1.0,3.0,9.0,0.771
1.0,3.0,10.0,0.772
1.0,4.0,0.0,0.765
1.0,4.0,1.0,0.768
1.0,4.0,2.0,0.768
1.0,4.0,3.0,0.768
1.0,4.0,4.0,0.768
1.0,4.0,6.0,0.769
1.0,4.0,7.0,0.769
1.0,4.0,8.0,0.77
1.0,4.0,9.0,0.771
1.0,4.0,10.0,0.771
1.0,5.0,0.0,0.764
1.0,5.0,1.0,0.768
1.0,5.0,2.0,0.768
1.0,5.0,3.0,0.769
1.0,5.0,4.0,0.769
1.0,5.0,6.0,0.769
1.0,5.0,7.0,0.769
1.0,5.0,8.0,0.77
1.0,5.0,9.0,0.771
1.0,5.0,10.0,0.77
1.0,6.0,0.0,0.764
1.0,6.0,1.0,0.769
1.0,6.0,2.0,0.77
1.0,6.0,3.0,0.77
1.0,6.0,4.0,0.77
1.0,6.0,6.0,0.77
1.0,6.0,7.0,0.77
1.0,6.0,8.0,0.77
1.0,6.0,9.0,0.77
1.0,6.0,10.0,0.769
1.0,7.0,0.0,0.763
1.0,7.0,1.0,0.77
1.0,7.0,2.0,0.772
1.0,7.0,3.0,0.773
1.0,7.0,4.0,0.772
1.0,7.0,6.0,0.771
1.0,7.0,7.0,0.77
1.0,7.0,8.0,0.769
1.0,7.0,9.0,0.77
1.0,7.0,10.0,0.768
1.0,8.0,0.0,0.762
1.0,8.0,1.0,0.773
1.0,8.0,2.0,0.776
1.0,8.0,3.0,0.777
1.0,8.0,4.0,0.776
1.0,8.0,6.0,0.774
1.0,8.0,7.0,0.771
1.0,8.0,8.0,0.769
1.0,8.0,9.0,0.769
1.0,8.0,10.0,0.766
1.0,9.0,0.0,0.761
1.0,9.0,1.0,0.78
1.0,9.0,2.0,0.781
1.0,9.0,3.0,0.781
1.0,9.0,4.0,0.781
1.0,9.0,6.0,0.779
1.0,9.0,7.0,0.773
1.0,9.0,8.0,0.767
1.0,9.0,9.0,0.767
1.0,9.0,10.0,0.763
1.0,10.0,0.0,0.742
1.0,10.0,1.0,0.746
1.0,10.0,2.0,0.737
1.0,10.0,3.0,0.745
1.0,10.0,4.0,0.754
1.0,10.0,6.0,0.756
1.0,10.0,7.0,0.745
1.0,10.0,8.0,0.726
1.0,10.0,9.0,0.717
1.0,10.0,10.0,0.722
1.0,11.0,0.0,0.753
1.0,11.0,1.0,0.791
1.0,11.0,2.0,0.785
1.0,11.0,3.0,0.799
1.0,11.0,4.0,0.805
1.0,11.0,6.0,0.807
1.0,11.0,7.0,0.804
1.0,11.0,8.0,0.785
1.0,11.0,9.0,0.766
1.0,11.0,10.0,0.768
1.0,12.0,0.0,0.753
1.0,12.0,1.0,0.775
1.0,12.0,2.0,0.775
1.0,12.0,3.0,0.803
1.0,12.0,4.0,0.805
1.0,12.0,6.0,0.804
1.0,12.0,7.0,0.812
1.0,12.0,8.0,0.796
1.0,12.0,9.0,0.752
1.0,12.0,10.0,0.743
1.0,13.0,0.0,0.74
1.0,13.0,1.0,0.751
1.0,13.0,2.0,0.807
1.0,13.0,3.0,0.832
1.0,13.0,4.0,0.824
1.0,13.0,6.0,0.822
1.0,13.0,7.0,0.831
1.0,13.0,8.0,0.837
1.0,13.0,9.0,0.767
1.0,13.0,10.0,0.701
1.0,14.0,0.0,0.659
1.0,14.0,1.0,0.801
1.0,14.0,2.0,0.891
1.0,14.0,3.0,0.874
1.0,14.0,4.0,0.864
1.0,14.0,6.0,0.862
1.0,14.0,7.0,0.869
1.0,14.0,8.0,0.89
1.0,14.0,9.0,0.872
1.0,14.0,10.0,0.624
1.0,15.0,1.0,1.108
1.0,15.0,2.0,1.106
1.0,15.0,3.0,1.091
1.0,15.0,4.0,1.086
1.0,15.0,6.0,1.088
1.0,15.0,7.0,1.096
1.0,15.0,8.0,1.109
1.0,15.0,9.0,1.133
1.0,15.0,10.0,0.896
2.0,0.0,0.0,0.766
2.0,0.0,1.0,0.767
2.0,0.0,2.0,0.767
2.0,0.0,3.0,0.767
2.0,0.0,4.0,0.768
2.0,0.0,6.0,0.768
2.0,0.0,7.0,0.769
2.0,0.0,8.0,0.77
2.0,0.0,9.0,0.771
2.0,0.0,10.0,0.772
2.0,1.0,0.0,0.766
2.0,1.0,1.0,0.767
2.0,1.0,2.0,0.767
2.0,1.0,3.0,0.767
2.0,1.0,4.0,0.768
2.0,1.0,6.0,0.768
2.0,1.0,7.0,0.769
2.0,1.0,8.0,0.77
2.0,1.0,9.0,0.771
2.0,1.0,10.0,0.772
2.0,2.0,0.0,0.765
2.0,2.0,1.0,0.767
2.0,2.0,2.0,0.767
2.0,2.0,3.0,0.767
2.0,2.0,4.0,0.768
2.0,2.0,6.0,0.768
2.0,2.0,7.0,0.769
2.0,2.0,8.0,0.77
2.0,2.0,9.0,0.771
2.0,2.0,10.0,0.772
2.0,3.0,0.0,0.765
2.0,3.0,1.0,0.767
2.0,3.0,2.0,0.767
2.0,3.0,3.0,0.768
2.0,3.0,4.0,0.768
2.0,3.0,6.0,0.768
2.0,3.0,7.0,0.769
2.0,3.0,8.0,0.77
2.0,3.0,9.0,0.771
2.0,3.0,10.0,0.771
2.0,4.0,0.0,0.765
2.0,4.0,1.0,0.768
2.0,4.0,2.0,0.768
2.0,4.0,3.0,0.768
2.0,4.0,4.0,0.768
2.0,4.0,6.0,0.769
2.0,4.0,7.0,0.769
2.0,4.0,8.0,0.77
2.0,4.0,9.0,0.771
2.0,4.0,10.0,0.771
2.0,5.0,0.0,0.764
2.0,5.0,1.0,0.768
2.0,5.0,2.0,0.768
2.0,5.0,3.0,0.769
2.0,5.0,4.0,0.769
2.0,5.0,6.0,0.769
2.0,5.0,7.0,0.769
2.0,5.0,8.0,0.77
2.0,5.0,9.0,0.771
2.0,5.0,10.0,0.77
2.0,6.0,0.0,0.764
2.0,6.0,1.0,0.769
2.0,6.0,2.0,0.77
2.0,6.0,3.0,0.77
2.0,6.0,4.0,0.77
2.0,6.0,6.0,0.77
2.0,6.0,7.0,0.77
2.0,6.0,8.0,0.77
2.0,6.0,9.0,0.77
2.0,6.0,10.0,0.77
2.0,7.0,0.0,0.763
2.0,7.0,1.0,0.77
2.0,7.0,2.0,0.772
2.0,7.0,3.0,0.773
2.0,7.0,4.0,0.772
2.0,7.0,6.0,0.771
2.0,7.0,7.0,0.77
2.0,7.0,8.0,0.769
2.0,7.0,9.0,0.77
2.0,7.0,10.0,0.768
2.0,8.0,0.0,0.762
2.0,8.0,1.0,0.773
2.0,8.0,2.0,0.776
2.0,8.0,3.0,0.776
2.0,8.0,4.0,0.776
2.0,8.0,6.0,0.774
2.0,8.0,7.0,0.771
2.0,8.0,8.0,0.769
2.0,8.0,9.0,0.769
2.0,8.0,10.0,0.766
2.0,9.0,0.0,0.76
2.0,9.0,1.0,0.78
2.0,9.0,2.0,0.781
2.0,9.0,3.0,0.781
2.0,9.0,4.0,0.781
2.0,9.0,6.0,0.779
2.0,9.0,7.0,0.773
2.0,9.0,8.0,0.767
2.0,9.0,9.0,0.767
2.0,9.0,10.0,0.763
2.0,10.0,0.0,0.741
2.0,10.0,1.0,0.745
2.0,10.0,2.0,0.736
2.0,10.0,3.0,0.744
2.0,10.0,4.0,0.753
2.0,10.0,6.0,0.755
2.0,10.0,7.0,0.744
2.0,10.0,8.0,0.726
2.0,10.0,9.0,0.716
2.0,10.0,10.0,0.72
2.0,11.0,0.0,0.751
2.0,11.0,1.0,0.792
2.0,11.0,2.0,0.786
2.0,11.0,3.0,0.799
2.0,11.0,4.0,0.806
2.0,11.0,6.0,0.809
2.0,11.0,7.0,0.805
2.0,11.0,8.0,0.787
2.0,11.0,9.0,0.767
2.0,11.0,10.0,0.77
2.0,12.0,0.0,0.752
2.0,12.0,1.0,0.774
2.0,12.0,2.0,0.776
2.0,12.0,3.0,0.804
2.0,12.0,4.0,0.806
2.0,12.0,6.0,0.804
2.0,12.0,7.0,0.813
2.0,12.0,8.0,0.797
2.0,12.0,9.0,0.752
2.0,12.0,10.0,0.742
2.0,13.0,0.0,0.741
2.0,13.0,1.0,0.751
2.0,13.0,2.0,0.808
2.0,13.0,3.0,0.833
2.0,13.0,4.0,0.824
2.0,13.0,6.0,0.822
2.0,13.0,7.0,0.831
2.0,13.0,8.0,0.838
2.0,13.0,9.0,0.768
2.0,13.0,10.0,0.7
2.0,14.0,0.0,0.658
2.0,14.0,1.0,0.804
2.0,14.0,2.0,0.892
2.0,14.0,3.0,0.874
2.0,14.0,4.0,0.864
2.0,14.0,6.0,0.863
2.0,14.0,7.0,0.869
2.0,14.0,8.0,0.89
2.0,14.0,9.0,0.874
2.0,14.0,10.0,0.622
2.0,15.0,1.0,1.107
2.0,15.0,2.0,1.104
2.0,15.0,3.0,1.089
2.0,15.0,4.0,1.083
2.0,15.0,6.0,1.085
2.0,15.0,7.0,1.094
2.0,15.0,8.0,1.107
2.0,15.0,9.0,1.132
2.0,15.0,10.0,0.892
3.0,0.0,0.0,0.766
3.0,0.0,1.0,0.767
3.0,0.0,2.0,0.767
3.0,0.0,3.0,0.767
3.0,0.0,4.0,0.768
3.0,0.0,6.0,0.768
3.0,0.0,7.0,0.769
3.0,0.0,8.0,0.77
3.0,0.0,9.0,0.771
3.0,0.0,10.0,0.772
3.0,1.0,0.0,0.765
3.0,1.0,1.0,0.767
3.0,1.0,2.0,0.767
3.0,1.0,3.0,0.767
3.0,1.0,4.0,0.768
3.0,1.0,6.0,0.768
3.0,1.0,7.0,0.769
3.0,1.0,8.0,0.77
3.0,1.0,9.0,0.771
3.0,1.0,10.0,0.772
3.0,2.0,0.0,0.765
3.0,2.0,1.0,0.767
3.0,2.0,2.0,0.767
3.0,2.0,3.0,0.767
3.0,2.0,4.0,0.768
3.0,2.0,6.0,0.768
3.0,2.0,7.0,0.769
3.0,2.0,8.0,0.77
3.0,2.0,9.0,0.771
3.0,2.0,10.0,0.772
3.0,3.0,0.0,0.765
3.0,3.0,1.0,0.767
3.0,3.0,2.0,0.767
3.0,3.0,3.0,0.768
3.0,3.0,4.0,0.768
3.0,3.0,6.0,0.768
3.0,3.0,7.0,0.769
3.0,3.0,8.0,0.77
3.0,3.0,9.0,0.771
3.0,3.0,10.0,0.771
3.0,4.0,0.0,0.765
3.0,4.0,1.0,0.768
3.0,4.0,2.0,0.768
3.0,4.0,3.0,0.768
3.0,4.0,4.0,0.768
3.0,4.0,6.0,0.769
3.0,4.0,7.0,0.769
3.0,4.0,8.0,0.77
3.0,4.0,9.0,0.771
3.0,4.0,10.0,0.771
3.0,5.0,0.0,0.764
3.0,5.0,1.0,0.768
3.0,5.0,2.0,0.768
3.0,5.0,3.0,0.769
3.0,5.0,4.0,0.769
3.0,5.0,6.0,0.769
3.0,5.0,7.0,0.769
3.0,5.0,8.0,0.77
3.0,5.0,9.0,0.771
3.0,5.0,10.0,0.77
3.0,6.0,0.0,0.764
3.0,6.0,1.0,0.769
3.0,6.0,2.0,0.77
3.0,6.0,3.0,0.77
3.0,6.0,4.0,0.77
3.0,6.0,6.0,0.77
3.0,6.0,7.0,0.77
3.0,6.0,8.0,0.77
3.0,6.0,9.0,0.77
3.0,6.0,10.0,0.77
3.0,7.0,0.0,0.763
3.0,7.0,1.0,0.77
3.0,7.0,2.0,0.772
3.0,7.0,3.0,0.773
3.0,7.0,4.0,0.772
3.0,7.0,6.0,0.771
3.0,7.0,7.0,0.77
3.0,7.0,8.0,0.77
3.0,7.0,9.0,0.77
3.0,7.0,10.0,0.768
3.0,8.0,0.0,0.762
3.0,8.0,1.0,0.773
3.0,8.0,2.0,0.776
3.0,8.0,3.0,0.776
3.0,8.0,4.0,0.776
3.0,8.0,6.0,0.774
3.0,8.0,7.0,0.771
3.0,8.0,8.0,0.769
3.0,8.0,9.0,0.769
3.0,8.0,10.0,0.766
3.0,9.0,0.0,0.76
3.0,9.0,1.0,0.78
3.0,9.0,2.0,0.781
3.0,9.0,3.0,0.78
3.0,9.0,4.0,0.781
3.0,9.0,6.0,0.779
3.0,9.0,7.0,0.773
3.0,9.0,8.0,0.768
3.0,9.0,9.0,0.767
3.0,9.0,10.0,0.763
3.0,10.0,0.0,0.737
3.0,10.0,1.0,0.743
3.0,10.0,2.0,0.734
3.0,10.0,3.0,0.742
3.0,10.0,4.0,0.751
3.0,10.0,6.0,0.753
3.0,10.0,7.0,0.742
3.0,10.0,8.0,0.724
3.0,10.0,9.0,0.715
3.0,10.0,10.0,0.717
3.0,11.0,0.0,0.748
3.0,11.0,1.0,0.793
3.0,11.0,2.0,0.788
3.0,11.0,3.0,0.801
3.0,11.0,4.0,0.809
3.0,11.0,6.0,0.811
3.0,11.0,7.0,0.807
3.0,11.0,8.0,0.789
3.0,11.0,9.0,0.769
3.0,11.0,10.0,0.771
3.0,12.0,0.0,0.751
3.0,12.0,1.0,0.773
3.0,12.0,2.0,0.777
3.0,12.0,3.0,0.807
3.0,12.0,4.0,0.808
3.0,12.0,6.0,0.806
3.0,12.0,7.0,0.815
3.0,12.0,8.0,0.8
3.0,12.0,9.0,0.752
3.0,12.0,10.0,0.741
3.0,13.0,0.0,0.741
3.0,13.0,1.0,0.749
3.0,13.0,2.0,0.811
3.0,13.0,3.0,0.834
3.0,13.0,4.0,0.825
3.0,13.0,6.0,0.823
3.0,13.0,7.0,0.831
3.0,13.0,8.0,0.839
3.0,13.0,9.0,0.771
3.0,13.0,10.0,0.696
3.0,14.0,0.0,0.658
3.0,14.0,1.0,0.81
3.0,14.0,2.0,0.894
3.0,14.0,3.0,0.874
3.0,14.0,4.0,0.864
3.0,14.0,6.0,0.863
3.0,14.0,7.0,0.869
3.0,14.0,8.0,0.89
3.0,14.0,9.0,0.876
3.0,14.0,10.0,0.62
3.0,15.0,1.0,1.103
3.0,15.0,2.0,1.101
3.0,15.0,3.0,1.085
3.0,15.0,4.0,1.079
3.0,15.0,6.0,1.081
3.0,15.0,7.0,1.09
3.0,15.0,8.0,1.104
3.0,15.0,9.0,1.131
3.0,15.0,10.0,0.889
4.0,0.0,0.0,0.765
4.0,0.0,1.0,0.767
4.0,0.0,2.0,0.767
4.0,0.0,3.0,0.767
4.0,0.0,4.0,0.768
4.0,0.0,6.0,0.768
4.0,0.0,7.0,0.769
4.0,0.0,8.0,0.77
4.0,0.0,9.0,0.771
4.0,0.0,10.0,0.772
4.0,1.0,0.0,0.765
4.0,1.0,1.0,0.767
4.0,1.0,2.0,0.767
4.0,1.0,3.0,0.767
4.0,1.0,4.0,0.768
4.0,1.0,6.0,0.768
4.0,1.0,7.0,0.769
4.0,1.0,8.0,0.77
4.0,1.0,9.0,0.771
4.0,1.0,10.0,0.772
4.0,2.0,0.0,0.765
4.0,2.0,1.0,0.767
4.0,2.0,2.0,0.767
4.0,2.0,3.0,0.767
4.0,2.0,4.0,0.768
4.0,2.0,6.0,0.768
4.0,2.0,7.0,0.769
4.0,2.0,8.0,0.77
4.0,2.0,9.0,0.771
4.0,2.0,10.0,0.772
4.0,3.0,0.0,0.765
4.0,3.0,1.0,0.767
4.0,3.0,2.0,0.767
4.0,3.0,3.0,0.768
4.0,3.0,4.0,0.768
4.0,3.0,6.0,0.769
4.0,3.0,7.0,0.769
4.0,3.0,8.0,0.77
4.0,3.0,9.0,0.771
4.0,3.0,10.0,0.771
4.0,4.0,0.0,0.765
4.0,4.0,1.0,0.768
4.0,4.0,2.0,0.768
4.0,4.0,3.0,0.768
4.0,4.0,4.0,0.768
4.0,4.0,6.0,0.769
4.0,4.0,7.0,0.769
4.0,4.0,8.0,0.77
4.0,4.0,9.0,0.771
4.0,4.0,10.0,0.771
4.0,5.0,0.0,0.764
4.0,5.0,1.0,0.768
4.0,5.0,2.0,0.768
4.0,5.0,3.0,0.769
4.0,5.0,4.0,0.769
4.0,5.0,6.0,0.769
4.0,5.0,7.0,0.769
4.0,5.0,8.0,0.77
4.0,5.0,9.0,0.771
4.0,5.0,10.0,0.77
4.0,6.0,0.0,0.764
4.0,6.0,1.0,0.769
4.0,6.0,2.0,0.77
4.0,6.0,3.0,0.77
4.0,6.0,4.0,0.77
4.0,6.0,6.0,0.77
4.0,6.0,7.0,0.77
4.0,6.0,8.0,0.77
4.0,6.0,9.0,0.77
4.0,6.0,10.0,0.77
4.0,7.0,0.0,0.763
4.0,7.0,1.0,0.77
4.0,7.0,2.0,0.772
4.0,7.0,3.0,0.773
4.0,7.0,4.0,0.772
4.0,7.0,6.0,0.771
4.0,7.0,7.0,0.77
4.0,7.0,8.0,0.77
4.0,7.0,9.0,0.77
4.0,7.0,10.0,0.768
4.0,8.0,0.0,0.762
4.0,8.0,1.0,0.773
4.0,8.0,2.0,0.776
4.0,8.0,3.0,0.776
4.0,8.0,4.0,0.775
4.0,8.0,6.0,0.774
4.0,8.0,7.0,0.771
4.0,8.0,8.0,0.769
4.0,8.0,9.0,0.769
4.0,8.0,10.0,0.766
4.0,9.0,0.0,0.759
4.0,9.0,1.0,0.78
4.0,9.0,2.0,0.781
4.0,9.0,3.0,0.78
4.0,9.0,4.0,0.78
4.0,9.0,6.0,0.779
4.0,9.0,7.0,0.773
4.0,9.0,8.0,0.768
4.0,9.0,9.0,0.768
4.0,9.0,10.0,0.763
4.0,12.0,0.0,0.749
4.0,12.0,1.0,0.773
4.0,12.0,2.0,0.783
4.0,12.0,3.0,0.815
4.0,12.0,4.0,0.815
4.0,12.0,6.0,0.813
4.0,12.0,7.0,0.822
4.0,12.0,8.0,0.811
4.0,12.0,9.0,0.754
4.0,12.0,10.0,0.736
4.0,13.0,0.0,0.744
4.0,13.0,1.0,0.743
4.0,13.0,2.0,0.816
4.0,13.0,3.0,0.835
4.0,13.0,4.0,0.824
4.0,13.0,6.0,0.822
4.0,13.0,7.0,0.83
4.0,13.0,8.0,0.84
4.0,13.0,9.0,0.773
4.0,13.0,10.0,0.688
4.0,14.0,0.0,0.659
4.0,14.0,1.0,0.813
4.0,14.0,2.0,0.891
4.0,14.0,3.0,0.87
4.0,14.0,4.0,0.86
4.0,14.0,6.0,0.859
4.0,14.0,7.0,0.866
4.0,14.0,8.0,0.886
4.0,14.0,9.0,0.876
4.0,14.0,10.0,0.616
5.0,0.0,0.0,0.765
5.0,0.0,1.0,0.767
5.0,0.0,2.0,0.767
5.0,0.0,3.0,0.767
5.0,0.0,4.0,0.768
5.0,0.0,6.0,0.768
5.0,0.0,7.0,0.769
5.0,0.0,8.0,0.77
5.0,0.0,9.0,0.771
5.0,0.0,10.0,0.772
5.0,1.0,0.0,0.765
5.0,1.0,1.0,0.767
5.0,1.0,2.0,0.767
5.0,1.0,3.0,0.767
5.0,1.0,4.0,0.768
5.0,1.0,6.0,0.768
5.0,1.0,7.0,0.769
5.0,1.0,8.0,0.77
5.0,1.0,9.0,0.771
5.0,1.0,10.0,0.772
5.0,2.0,0.0,0.765
5.0,2.0,1.0,0.767
5.0,2.0,2.0,0.767
5.0,2.0,3.0,0.767
5.0,2.0,4.0,0.768
5.0,2.0,6.0,0.768
5.0,2.0,7.0,0.769
5.0,2.0,8.0,0.77
5.0,2.0,9.0,0.771
5.0,2.0,10.0,0.772
5.0,3.0,0.0,0.765
5.0,3.0,1.0,0.767
5.0,3.0,2.0,0.767
5.0,3.0,3.0,0.768
5.0,3.0,4.0,0.768
5.0,3.0,6.0,0.769
5.0,3.0,7.0,0.769
5.0,3.0,8.0,0.77
5.0,3.0,9.0,0.771
5.0,3.0,10.0,0.771
5.0,4.0,0.0,0.764
5.0,4.0,1.0,0.768
5.0,4.0,2.0,0.768
5.0,4.0,3.0,0.768
5.0,4.0,4.0,0.769
5.0,4.0,6.0,0.769
5.0,4.0,7.0,0.769
5.0,4.0,8.0,0.77
5.0,4.0,9.0,0.771
5.0,4.0,10.0,0.771
5.0,5.0,0.0,0.764
5.0,5.0,1.0,0.768
5.0,5.0,2.0,0.768
5.0,5.0,3.0,0.769
5.0,5.0,4.0,0.769
5.0,5.0,6.0,0.769
5.0,5.0,7.0,0.769
5.0,5.0,8.0,0.77
5.0,5.0,9.0,0.771
5.0,5.0,10.0,0.77
5.0,6.0,0.0,0.763
5.0,6.0,1.0,0.769
5.0,6.0,2.0,0.77
5.0,6.0,3.0,0.77
5.0,6.0,4.0,0.77
5.0,6.0,6.0,0.77
5.0,6.0,7.0,0.77
5.0,6.0,8.0,0.77
5.0,6.0,9.0,0.771
5.0,6.0,10.0,0.77
5.0,7.0,0.0,0.763
5.0,7.0,1.0,0.77
5.0,7.0,2.0,0.772
5.0,7.0,3.0,0.773
5.0,7.0,4.0,0.772
5.0,7.0,6.0,0.771
5.0,7.0,7.0,0.77
5.0,7.0,8.0,0.77
5.0,7.0,9.0,0.77
5.0,7.0,10.0,0.768
5.0,8.0,0.0,0.762
5.0,8.0,1.0,0.772
5.0,8.0,2.0,0.776
5.0,8.0,3.0,0.776
5.0,8.0,4.0,0.775
5.0,8.0,6.0,0.774
5.0,8.0,7.0,0.771
5.0,8.0,8.0,0.769
5.0,8.0,9.0,0.769
5.0,8.0,10.0,0.766
5.0,9.0,0.0,0.758
5.0,9.0,1.0,0.78
5.0,9.0,2.0,0.781
5.0,9.0,3.0,0.78
5.0,9.0,4.0,0.78
5.0,9.0,6.0,0.778
5.0,9.0,7.0,0.773
5.0,9.0,8.0,0.769
5.0,9.0,9.0,0.768
5.0,9.0,10.0,0.762
5.0,10.0,0.0,0.73
5.0,10.0,1.0,0.741
5.0,10.0,2.0,0.731
5.0,10.0,3.0,0.739
5.0,10.0,4.0,0.747
5.0,10.0,6.0,0.749
5.0,10.0,7.0,0.738
5.0,10.0,8.0,0.722
5.0,10.0,9.0,0.712
5.0,10.0,10.0,0.711
5.0,11.0,0.0,0.741
5.0,11.0,1.0,0.795
5.0,11.0,2.0,0.79
5.0,11.0,3.0,0.804
5.0,11.0,4.0,0.811
5.0,11.0,6.0,0.813
5.0,11.0,7.0,0.81
5.0,11.0,8.0,0.794
5.0,11.0,9.0,0.772
5.0,11.0,10.0,0.771
5.0,13.0,0.0,0.749
5.0,13.0,1.0,0.721
5.0,13.0,2.0,0.801
5.0,13.0,3.0,0.806
5.0,13.0,4.0,0.795
5.0,13.0,6.0,0.793
5.0,13.0,7.0,0.8
5.0,13.0,8.0,0.813
5.0,13.0,9.0,0.758
5.0,13.0,10.0,0.678
5.0,15.0,1.0,1.101
5.0,15.0,2.0,1.099
5.0,15.0,3.0,1.083
5.0,15.0,4.0,1.078
5.0,15.0,6.0,1.08
5.0,15.0,7.0,1.088
5.0,15.0,8.0,1.102
5.0,15.0,9.0,1.134
5.0,15.0,10.0,0.889
6.0,2.0,0.0,0.765
6.0,2.0,1.0,0.767
6.0,2.0,2.0,0.767
6.0,2.0,3.0,0.767
6.0,2.0,4.0,0.768
6.0,2.0,6.0,0.768
6.0,2.0,7.0,0.769
6.0,2.0,8.0,0.77
6.0,2.0,9.0,0.771
6.0,2.0,10.0,0.771
6.0,3.0,0.0,0.764
6.0,3.0,1.0,0.767
6.0,3.0,2.0,0.767
6.0,3.0,3.0,0.768
6.0,3.0,4.0,0.768
6.0,3.0,6.0,0.769
6.0,3.0,7.0,0.769
6.0,3.0,8.0,0.77
6.0,3.0,9.0,0.771
6.0,3.0,10.0,0.771
6.0,4.0,0.0,0.764
6.0,4.0,1.0,0.767
6.0,4.0,2.0,0.768
6.0,4.0,3.0,0.768
6.0,4.0,4.0,0.769
6.0,4.0,6.0,0.769
6.0,4.0,7.0,0.769
6.0,4.0,8.0,0.77
6.0,4.0,9.0,0.771
6.0,4.0,10.0,0.771
6.0,5.0,0.0,0.764
6.0,5.0,1.0,0.768
6.0,5.0,2.0,0.769
6.0,5.0,3.0,0.769
6.0,5.0,4.0,0.769
6.0,5.0,6.0,0.769
6.0,5.0,7.0,0.77
6.0,5.0,8.0,0.77
6.0,5.0,9.0,0.771
6.0,5.0,10.0,0.77
6.0,6.0,0.0,0.763
6.0,6.0,1.0,0.77
6.0,6.0,2.0,0.771
6.0,6.0,3.0,0.772
6.0,6.0,4.0,0.772
6.0,6.0,6.0,0.771
6.0,6.0,7.0,0.77
6.0,6.0,8.0,0.77
6.0,6.0,9.0,0.77
6.0,6.0,10.0,0.768
6.0,7.0,0.0,0.761
6.0,7.0,1.0,0.772
6.0,7.0,2.0,0.775
6.0,7.0,3.0,0.776
6.0,7.0,4.0,0.775
6.0,7.0,6.0,0.774
6.0,7.0,7.0,0.771
6.0,7.0,8.0,0.769
6.0,7.0,9.0,0.769
6.0,7.0,10.0,0.766
6.0,8.0,0.0,0.756
6.0,8.0,1.0,0.781
6.0,8.0,2.0,0.781
6.0,8.0,3.0,0.779
6.0,8.0,4.0,0.78
6.0,8.0,6.0,0.778
6.0,8.0,7.0,0.773
6.0,8.0,8.0,0.769
6.0,8.0,9.0,0.769
6.0,8.0,10.0,0.762
6.0,10.0,0.0,0.721
6.0,10.0,1.0,0.738
6.0,10.0,2.0,0.727
6.0,10.0,3.0,0.735
6.0,10.0,4.0,0.743
6.0,10.0,6.0,0.744
6.0,10.0,7.0,0.734
6.0,10.0,8.0,0.718
6.0,10.0,9.0,0.71
6.0,10.0,10.0,0.705
6.0,11.0,0.0,0.735
6.0,11.0,1.0,0.796
6.0,11.0,2.0,0.789
6.0,11.0,3.0,0.805
6.0,11.0,4.0,0.81
6.0,11.0,6.0,0.813
6.0,11.0,7.0,0.811
6.0,11.0,8.0,0.795
6.0,11.0,9.0,0.774
6.0,11.0,10.0,0.771
6.0,12.0,0.0,0.721
6.0,12.0,1.0,0.757
6.0,12.0,2.0,0.786
6.0,12.0,3.0,0.818
6.0,12.0,4.0,0.813
6.0,12.0,6.0,0.811
6.0,12.0,7.0,0.822
6.0,12.0,8.0,0.821
6.0,12.0,9.0,0.749
6.0,12.0,10.0,0.706
6.0,13.0,0.0,0.663
6.0,13.0,1.0,0.794
6.0,13.0,2.0,0.879
6.0,13.0,3.0,0.865
6.0,13.0,4.0,0.854
6.0,13.0,6.0,0.853
6.0,13.0,7.0,0.859
6.0,13.0,8.0,0.881
6.0,13.0,9.0,0.86
6.0,13.0,10.0,0.62
6.0,14.0,1.0,1.108
6.0,14.0,2.0,1.103
6.0,14.0,3.0,1.087
6.0,14.0,4.0,1.082
6.0,14.0,6.0,1.083
6.0,14.0,7.0,1.092
6.0,14.0,8.0,1.106
6.0,14.0,9.0,1.138
6.0,14.0,10.0,0.894
7.0,0.0,0.0,0.765
7.0,0.0,1.0,0.767
7.0,0.0,2.0,0.767
7.0,0.0,3.0,0.767
7.0,0.0,4.0,0.768
7.0,0.0,6.0,0.768
7.0,0.0,7.0,0.769
7.0,0.0,8.0,0.77
7.0,0.0,9.0,0.771
7.0,0.0,10.0,0.772
7.0,1.0,0.0,0.765
7.0,1.0,1.0,0.767
7.0,1.0,2.0,0.767
7.0,1.0,3.0,0.767
7.0,1.0,4.0,0.768
7.0,1.0,6.0,0.768
7.0,1.0,7.0,0.769
7.0,1.0,8.0,0.77
7.0,1.0,9.0,0.771
7.0,1.0,10.0,0.772
7.0,3.0,0.0,0.764
7.0,3.0,1.0,0.767
7.0,3.0,2.0,0.767
7.0,3.0,3.0,0.768
7.0,3.0,4.0,0.769
7.0,3.0,6.0,0.769
7.0,3.0,7.0,0.769
7.0,3.0,8.0,0.77
7.0,3.0,9.0,0.771
7.0,3.0,10.0,0.771
7.0,4.0,0.0,0.764
7.0,4.0,1.0,0.767
7.0,4.0,2.0,0.768
7.0,4.0,3.0,0.768
7.0,4.0,4.0,0.769
7.0,4.0,6.0,0.769
7.0,4.0,7.0,0.769
7.0,4.0,8.0,0.77
7.0,4.0,9.0,0.771
7.0,4.0,10.0,0.771
7.0,5.0,0.0,0.763
7.0,5.0,1.0,0.768
7.0,5.0,2.0,0.77
7.0,5.0,3.0,0.77
7.0,5.0,4.0,0.77
7.0,5.0,6.0,0.77
7.0,5.0,7.0,0.77
7.0,5.0,8.0,0.77
7.0,5.0,9.0,0.771
7.0,5.0,10.0,0.77
7.0,6.0,0.0,0.762
7.0,6.0,1.0,0.77
7.0,6.0,2.0,0.772
7.0,6.0,3.0,0.773
7.0,6.0,4.0,0.773
7.0,6.0,6.0,0.772
7.0,6.0,7.0,0.771
7.0,6.0,8.0,0.77
7.0,6.0,9.0,0.77
7.0,6.0,10.0,0.768
7.0,7.0,0.0,0.761
7.0,7.0,1.0,0.771
7.0,7.0,2.0,0.775
7.0,7.0,3.0,0.775
7.0,7.0,4.0,0.775
7.0,7.0,6.0,0.773
7.0,7.0,7.0,0.771
7.0,7.0,8.0,0.769
7.0,7.0,9.0,0.769
7.0,7.0,10.0,0.766
7.0,8.0,0.0,0.755
7.0,8.0,1.0,0.781
7.0,8.0,2.0,0.781
7.0,8.0,3.0,0.779
7.0,8.0,4.0,0.779
7.0,8.0,6.0,0.778
7.0,8.0,7.0,0.773
7.0,8.0,8.0,0.77
7.0,8.0,9.0,0.77
7.0,8.0,10.0,0.762
7.0,9.0,0.0,0.712
7.0,9.0,1.0,0.734
7.0,9.0,2.0,0.723
7.0,9.0,3.0,0.731
7.0,9.0,4.0,0.738
7.0,9.0,6.0,0.739
7.0,9.0,7.0,0.73
7.0,9.0,8.0,0.715
7.0,9.0,9.0,0.708
7.0,9.0,10.0,0.697
7.0,10.0,0.0,0.734
7.0,10.0,1.0,0.794
7.0,10.0,2.0,0.789
7.0,10.0,3.0,0.803
7.0,10.0,4.0,0.809
7.0,10.0,6.0,0.811
7.0,10.0,7.0,0.811
7.0,10.0,8.0,0.792
7.0,10.0,9.0,0.775
7.0,10.0,10.0,0.775
7.0,12.0,0.0,0.728
7.0,12.0,1.0,0.768
7.0,12.0,2.0,0.791
7.0,12.0,3.0,0.819
7.0,12.0,4.0,0.816
7.0,12.0,6.0,0.815
7.0,12.0,7.0,0.823
7.0,12.0,8.0,0.82
7.0,12.0,9.0,0.755
7.0,12.0,10.0,0.726
7.0,14.0,1.0,1.106
7.0,14.0,2.0,1.104
7.0,14.0,3.0,1.088
7.0,14.0,4.0,1.081
7.0,14.0,6.0,1.083
7.0,14.0,7.0,1.093
7.0,14.0,8.0,1.107
7.0,14.0,9.0,1.136
7.0,14.0,10.0,0.903
8.0,0.0,0.0,0.764
8.0,0.0,1.0,0.767
8.0,0.0,2.0,0.767
8.0,0.0,3.0,0.767
8.0,0.0,4.0,0.768
8.0,0.0,6.0,0.768
8.0,0.0,7.0,0.769
8.0,0.0,8.0,0.77
8.0,0.0,9.0,0.771
8.0,0.0,10.0,0.771
8.0,1.0,0.0,0.764
8.0,1.0,1.0,0.767
8.0,1.0,2.0,0.767
8.0,1.0,3.0,0.767
8.0,1.0,4.0,0.768
8.0,1.0,6.0,0.768
8.0,1.0,7.0,0.769
8.0,1.0,8.0,0.77
8.0,1.0,9.0,0.771
8.0,1.0,10.0,0.771
8.0,2.0,0.0,0.764
8.0,2.0,1.0,0.767
8.0,2.0,2.0,0.767
8.0,2.0,3.0,0.768
8.0,2.0,4.0,0.768
8.0,2.0,6.0,0.769
8.0,2.0,7.0,0.769
8.0,2.0,8.0,0.77
8.0,2.0,9.0,0.771
8.0,2.0,10.0,0.771
8.0,4.0,0.0,0.763
8.0,4.0,1.0,0.768
8.0,4.0,2.0,0.768
8.0,4.0,3.0,0.769
8.0,4.0,4.0,0.77
8.0,4.0,6.0,0.77
8.0,4.0,7.0,0.77
8.0,4.0,8.0,0.77
8.0,4.0,9.0,0.771
8.0,4.0,10.0,0.77
8.0,5.0,0.0,0.763
8.0,5.0,1.0,0.768
8.0,5.0,2.0,0.77
8.0,5.0,3.0,0.771
8.0,5.0,4.0,0.772
8.0,5.0,6.0,0.771
8.0,5.0,7.0,0.77
8.0,5.0,8.0,0.77
8.0,5.0,9.0,0.771
8.0,5.0,10.0,0.77
8.0,6.0,0.0,0.762
8.0,6.0,1.0,0.77
8.0,6.0,2.0,0.772
8.0,6.0,3.0,0.773
8.0,6.0,4.0,0.773
8.0,6.0,6.0,0.772
8.0,6.0,7.0,0.771
8.0,6.0,8.0,0.77
8.0,6.0,9.0,0.77
8.0,6.0,10.0,0.768
8.0,7.0,0.0,0.756
8.0,7.0,1.0,0.777
8.0,7.0,2.0,0.778
8.0,7.0,3.0,0.778
8.0,7.0,4.0,0.778
8.0,7.0,6.0,0.776
8.0,7.0,7.0,0.772
8.0,7.0,8.0,0.77
8.0,7.0,9.0,0.77
8.0,7.0,10.0,0.764
8.0,9.0,0.0,0.7
8.0,9.0,1.0,0.73
8.0,9.0,2.0,0.718
8.0,9.0,3.0,0.725
8.0,9.0,4.0,0.732
8.0,9.0,6.0,0.733
8.0,9.0,7.0,0.726
8.0,9.0,8.0,0.711
8.0,9.0,9.0,0.705
8.0,9.0,10.0,0.686
8.0,10.0,0.0,0.732
8.0,10.0,1.0,0.797
8.0,10.0,2.0,0.796
8.0,10.0,3.0,0.811
8.0,10.0,4.0,0.813
8.0,10.0,6.0,0.815
8.0,10.0,7.0,0.819
8.0,10.0,8.0,0.798
8.0,10.0,9.0,0.78
8.0,10.0,10.0,0.779
8.0,11.0,0.0,0.733
8.0,11.0,1.0,0.765
8.0,11.0,2.0,0.793
8.0,11.0,3.0,0.819
8.0,11.0,4.0,0.815
8.0,11.0,6.0,0.814
8.0,11.0,7.0,0.822
8.0,11.0,8.0,0.821
8.0,11.0,9.0,0.753
8.0,11.0,10.0,0.72
8.0,13.0,0.0,0.665
8.0,13.0,1.0,0.784
8.0,13.0,2.0,0.872
8.0,13.0,3.0,0.865
8.0,13.0,4.0,0.854
8.0,13.0,6.0,0.852
8.0,13.0,7.0,0.86
8.0,13.0,8.0,0.882
8.0,13.0,9.0,0.848
8.0,13.0,10.0,0.636
8.0,14.0,1.0,1.114
8.0,14.0,2.0,1.109
8.0,14.0,3.0,1.091
8.0,14.0,4.0,1.084
8.0,14.0,6.0,1.085
8.0,14.0,7.0,1.095
8.0,14.0,8.0,1.112
8.0,14.0,9.0,1.141
8.0,14.0,10.0,0.901
9.0,0.0,0.0,0.763
9.0,0.0,1.0,0.766
9.0,0.0,2.0,0.767
9.0,0.0,3.0,0.767
9.0,0.0,4.0,0.768
9.0,0.0,6.0,0.769
9.0,0.0,7.0,0.769
9.0,0.0,8.0,0.77
9.0,0.0,9.0,0.771
9.0,0.0,10.0,0.771
9.0,1.0,0.0,0.763
9.0,1.0,1.0,0.767
9.0,1.0,2.0,0.767
9.0,1.0,3.0,0.768
9.0,1.0,4.0,0.768
9.0,1.0,6.0,0.769
9.0,1.0,7.0,0.769
9.0,1.0,8.0,0.77
9.0,1.0,9.0,0.771
9.0,1.0,10.0,0.771
9.0,2.0,0.0,0.763
9.0,2.0,1.0,0.767
9.0,2.0,2.0,0.767
9.0,2.0,3.0,0.768
9.0,2.0,4.0,0.769
9.0,2.0,6.0,0.769
9.0,2.0,7.0,0.769
9.0,2.0,8.0,0.77
9.0,2.0,9.0,0.771
9.0,2.0,10.0,0.771
9.0,3.0,0.0,0.763
9.0,3.0,1.0,0.767
9.0,3.0,2.0,0.768
9.0,3.0,3.0,0.769
9.0,3.0,4.0,0.769
9.0,3.0,6.0,0.769
9.0,3.0,7.0,0.769
9.0,3.0,8.0,0.77
9.0,3.0,9.0,0.771
9.0,3.0,10.0,0.771
9.0,4.0,0.0,0.762
9.0,4.0,1.0,0.768
9.0,4.0,2.0,0.769
9.0,4.0,3.0,0.771
9.0,4.0,4.0,0.771
9.0,4.0,6.0,0.771
9.0,4.0,7.0,0.77
9.0,4.0,8.0,0.77
9.0,4.0,9.0,0.77
9.0,4.0,10.0,0.769
9.0,5.0,0.0,0.762
9.0,5.0,1.0,0.769
9.0,5.0,2.0,0.771
9.0,5.0,3.0,0.772
9.0,5.0,4.0,0.772
9.0,5.0,6.0,0.772
9.0,5.0,7.0,0.771
9.0,5.0,8.0,0.77
9.0,5.0,9.0,0.77
9.0,5.0,10.0,0.769
9.0,6.0,0.0,0.76
9.0,6.0,1.0,0.772
9.0,6.0,2.0,0.775
9.0,6.0,3.0,0.776
9.0,6.0,4.0,0.776
9.0,6.0,6.0,0.774
9.0,6.0,7.0,0.772
9.0,6.0,8.0,0.77
9.0,6.0,9.0,0.769
9.0,6.0,10.0,0.766
9.0,7.0,0.0,0.753
9.0,7.0,1.0,0.78
9.0,7.0,2.0,0.78
9.0,7.0,3.0,0.778
9.0,7.0,4.0,0.779
9.0,7.0,6.0,0.777
9.0,7.0,7.0,0.773
9.0,7.0,8.0,0.771
9.0,7.0,9.0,0.771
9.0,7.0,10.0,0.761
9.0,8.0,0.0,0.686
9.0,8.0,1.0,0.726
9.0,8.0,2.0,0.711
9.0,8.0,3.0,0.72
9.0,8.0,4.0,0.725
9.0,8.0,6.0,0.725
9.0,8.0,7.0,0.719
9.0,8.0,8.0,0.707
9.0,8.0,9.0,0.704
9.0,8.0,10.0,0.673
9.0,10.0,0.0,0.715
9.0,10.0,1.0,0.791
9.0,10.0,2.0,0.794
9.0,10.0,3.0,0.812
9.0,10.0,4.0,0.809
9.0,10.0,6.0,0.809
9.0,10.0,7.0,0.823
9.0,10.0,8.0,0.803
9.0,10.0,9.0,0.77
9.0,10.0,10.0,0.755
9.0,11.0,0.0,0.734
9.0,11.0,1.0,0.744
9.0,11.0,2.0,0.785
9.0,11.0,3.0,0.803
9.0,11.0,4.0,0.795
9.0,11.0,6.0,0.794
9.0,11.0,7.0,0.802
9.0,11.0,8.0,0.811
9.0,11.0,9.0,0.741
9.0,11.0,10.0,0.696
9.0,12.0,0.0,0.666
9.0,12.0,1.0,0.786
9.0,12.0,2.0,0.869
9.0,12.0,3.0,0.859
9.0,12.0,4.0,0.848
9.0,12.0,6.0,0.846
9.0,12.0,7.0,0.853
9.0,12.0,8.0,0.876
9.0,12.0,9.0,0.846
9.0,12.0,10.0,0.63
9.0,13.0,1.0,1.115
9.0,13.0,2.0,1.106
9.0,13.0,3.0,1.087
9.0,13.0,4.0,1.078
9.0,13.0,6.0,1.08
9.0,13.0,7.0,1.091
9.0,13.0,8.0,1.109
9.0,13.0,9.0,1.141
9.0,13.0,10.0,0.897
10.0,2.0,0.0,0.761
10.0,2.0,1.0,0.767
10.0,2.0,2.0,0.768
10.0,2.0,3.0,0.769
10.0,2.0,4.0,0.77
10.0,2.0,6.0,0.77
10.0,2.0,7.0,0.769
10.0,2.0,8.0,0.769
10.0,2.0,9.0,0.77
10.0,2.0,10.0,0.77
10.0,3.0,0.0,0.762
10.0,3.0,1.0,0.767
10.0,3.0,2.0,0.769
10.0,3.0,3.0,0.77
10.0,3.0,4.0,0.77
10.0,3.0,6.0,0.77
10.0,3.0,7.0,0.77
10.0,3.0,8.0,0.769
10.0,3.0,9.0,0.77
10.0,3.0,10.0,0.77
10.0,4.0,0.0,0.76
10.0,4.0,1.0,0.769
10.0,4.0,2.0,0.772
10.0,4.0,3.0,0.773
10.0,4.0,4.0,0.774
10.0,4.0,6.0,0.773
10.0,4.0,7.0,0.771
10.0,4.0,8.0,0.77
10.0,4.0,9.0,0.769
10.0,4.0,10.0,0.767
10.0,5.0,0.0,0.76
10.0,5.0,1.0,0.77
10.0,5.0,2.0,0.773
10.0,5.0,3.0,0.774
10.0,5.0,4.0,0.774
10.0,5.0,6.0,0.773
10.0,5.0,7.0,0.771
10.0,5.0,8.0,0.77
10.0,5.0,9.0,0.769
10.0,5.0,10.0,0.767
10.0,6.0,0.0,0.754
10.0,6.0,1.0,0.778
10.0,6.0,2.0,0.778
10.0,6.0,3.0,0.777
10.0,6.0,4.0,0.778
10.0,6.0,6.0,0.776
10.0,6.0,7.0,0.773
10.0,6.0,8.0,0.77
10.0,6.0,9.0,0.77
10.0,6.0,10.0,0.762
10.0,8.0,0.0,0.695
10.0,8.0,1.0,0.729
10.0,8.0,2.0,0.719
10.0,8.0,3.0,0.724
10.0,8.0,4.0,0.729
10.0,8.0,6.0,0.729
10.0,8.0,7.0,0.724
10.0,8.0,8.0,0.712
10.0,8.0,9.0,0.708
10.0,8.0,10.0,0.686
10.0,11.0,0.0,0.751
10.0,11.0,1.0,0.722
10.0,11.0,2.0,0.779
10.0,11.0,3.0,0.781
10.0,11.0,4.0,0.772
10.0,11.0,6.0,0.771
10.0,11.0,7.0,0.777
10.0,11.0,8.0,0.789
10.0,11.0,9.0,0.735
10.0,11.0,10.0,0.679
10.0,12.0,0.0,0.668
10.0,12.0,1.0,0.794
10.0,12.0,2.0,0.869
10.0,12.0,3.0,0.854
10.0,12.0,4.0,0.844
10.0,12.0,6.0,0.843
10.0,12.0,7.0,0.849
10.0,12.0,8.0,0.871
10.0,12.0,9.0,0.85
10.0,12.0,10.0,0.619
10.0,13.0,1.0,1.111
10.0,13.0,2.0,1.099
10.0,13.0,3.0,1.078
10.0,13.0,4.0,1.07
10.0,13.0,6.0,1.072
10.0,13.0,7.0,1.083
10.0,13.0,8.0,1.102
10.0,13.0,9.0,1.139
10.0,13.0,10.0,0.892
11.0,0.0,0.0,0.762
11.0,0.0,1.0,0.766
11.0,0.0,2.0,0.767
11.0,0.0,3.0,0.768
11.0,0.0,4.0,0.769
11.0,0.0,6.0,0.77
11.0,0.0,7.0,0.769
11.0,0.0,8.0,0.769
11.0,0.0,9.0,0.77
11.0,0.0,10.0,0.77
11.0,1.0,0.0,0.762
11.0,1.0,1.0,0.766
11.0,1.0,2.0,0.767
11.0,1.0,3.0,0.768
11.0,1.0,4.0,0.769
11.0,1.0,6.0,0.77
11.0,1.0,7.0,0.769
11.0,1.0,8.0,0.769
11.0,1.0,9.0,0.77
11.0,1.0,10.0,0.77
11.0,3.0,0.0,0.756
11.0,3.0,1.0,0.769
11.0,3.0,2.0,0.77
11.0,3.0,3.0,0.772
11.0,3.0,4.0,0.772
11.0,3.0,6.0,0.772
11.0,3.0,7.0,0.77
11.0,3.0,8.0,0.768
11.0,3.0,9.0,0.769
11.0,3.0,10.0,0.765
11.0,5.0,0.0,0.755
11.0,5.0,1.0,0.775
11.0,5.0,2.0,0.775
11.0,5.0,3.0,0.775
11.0,5.0,4.0,0.776
11.0,5.0,6.0,0.775
11.0,5.0,7.0,0.772
11.0,5.0,8.0,0.77
11.0,5.0,9.0,0.77
11.0,5.0,10.0,0.763
11.0,6.0,0.0,0.734
11.0,6.0,1.0,0.755
11.0,6.0,2.0,0.751
11.0,6.0,3.0,0.752
11.0,6.0,4.0,0.754
11.0,6.0,6.0,0.752
11.0,6.0,7.0,0.75
11.0,6.0,8.0,0.744
11.0,6.0,9.0,0.744
11.0,6.0,10.0,0.724
11.0,7.0,0.0,0.707
11.0,7.0,1.0,0.733
11.0,7.0,2.0,0.723
11.0,7.0,3.0,0.728
11.0,7.0,4.0,0.731
11.0,7.0,6.0,0.73
11.0,7.0,7.0,0.726
11.0,7.0,8.0,0.716
11.0,7.0,9.0,0.713
11.0,7.0,10.0,0.698
11.0,8.0,0.0,0.728
11.0,8.0,1.0,0.794
11.0,8.0,2.0,0.794
11.0,8.0,3.0,0.797
11.0,8.0,4.0,0.792
11.0,8.0,6.0,0.793
11.0,8.0,7.0,0.803
11.0,8.0,8.0,0.786
11.0,8.0,9.0,0.777
11.0,8.0,10.0,0.781
11.0,9.0,0.0,0.727
11.0,9.0,1.0,0.784
11.0,9.0,2.0,0.793
11.0,9.0,3.0,0.806
11.0,9.0,4.0,0.802
11.0,9.0,6.0,0.802
11.0,9.0,7.0,0.81
11.0,9.0,8.0,0.8
11.0,9.0,9.0,0.766
11.0,9.0,10.0,0.759
11.0,10.0,0.0,0.727
11.0,10.0,1.0,0.743
11.0,10.0,2.0,0.772
11.0,10.0,3.0,0.789
11.0,10.0,4.0,0.783
11.0,10.0,6.0,0.782
11.0,10.0,7.0,0.789
11.0,10.0,8.0,0.794
11.0,10.0,9.0,0.73
11.0,10.0,10.0,0.698
11.0,11.0,0.0,0.675
11.0,11.0,1.0,0.794
11.0,11.0,2.0,0.862
11.0,11.0,3.0,0.849
11.0,11.0,4.0,0.839
11.0,11.0,6.0,0.838
11.0,11.0,7.0,0.844
11.0,11.0,8.0,0.865
11.0,11.0,9.0,0.844
11.0,11.0,10.0,0.621
11.0,12.0,0.0,0.671
11.0,12.0,1.0,0.957
11.0,12.0,2.0,0.984
11.0,12.0,3.0,0.964
11.0,12.0,4.0,0.957
11.0,12.0,6.0,0.958
11.0,12.0,7.0,0.965
11.0,12.0,8.0,0.986
11.0,12.0,9.0,1.0
11.0,12.0,10.0,0.752
12.0,0.0,0.0,0.757
12.0,0.0,1.0,0.768
12.0,0.0,2.0,0.768
12.0,0.0,3.0,0.77
12.0,0.0,4.0,0.771
12.0,0.0,6.0,0.771
12.0,0.0,7.0,0.77
12.0,0.0,8.0,0.768
12.0,0.0,9.0,0.77
12.0,0.0,10.0,0.766
12.0,1.0,0.0,0.757
12.0,1.0,1.0,0.768
12.0,1.0,2.0,0.769
12.0,1.0,3.0,0.77
12.0,1.0,4.0,0.771
12.0,1.0,6.0,0.771
12.0,1.0,7.0,0.77
12.0,1.0,8.0,0.768
12.0,1.0,9.0,0.77
12.0,1.0,10.0,0.766
12.0,2.0,0.0,0.757
12.0,2.0,1.0,0.769
12.0,2.0,2.0,0.769
12.0,2.0,3.0,0.771
12.0,2.0,4.0,0.772
12.0,2.0,6.0,0.771
12.0,2.0,7.0,0.77
12.0,2.0,8.0,0.768
12.0,2.0,9.0,0.77
12.0,2.0,10.0,0.766
12.0,4.0,0.0,0.755
12.0,4.0,1.0,0.775
12.0,4.0,2.0,0.774
12.0,4.0,3.0,0.774
12.0,4.0,4.0,0.774
12.0,4.0,6.0,0.774
12.0,4.0,7.0,0.771
12.0,4.0,8.0,0.77
12.0,4.0,9.0,0.771
12.0,4.0,10.0,0.763
12.0,5.0,0.0,0.719
12.0,5.0,1.0,0.735
12.0,5.0,2.0,0.727
12.0,5.0,3.0,0.73
12.0,5.0,4.0,0.73
12.0,5.0,6.0,0.73
12.0,5.0,7.0,0.727
12.0,5.0,8.0,0.721
12.0,5.0,9.0,0.72
12.0,5.0,10.0,0.708
12.0,7.0,0.0,0.727
12.0,7.0,1.0,0.791
12.0,7.0,2.0,0.792
12.0,7.0,3.0,0.791
12.0,7.0,4.0,0.786
12.0,7.0,6.0,0.786
12.0,7.0,7.0,0.796
12.0,7.0,8.0,0.782
12.0,7.0,9.0,0.776
12.0,7.0,10.0,0.78
12.0,9.0,0.0,0.717
12.0,9.0,1.0,0.775
12.0,9.0,2.0,0.78
12.0,9.0,3.0,0.793
12.0,9.0,4.0,0.79
12.0,9.0,6.0,0.789
12.0,9.0,7.0,0.795
12.0,9.0,8.0,0.797
12.0,9.0,9.0,0.751
12.0,9.0,10.0,0.749
12.0,10.0,0.0,0.674
12.0,10.0,1.0,0.784
12.0,10.0,2.0,0.851
12.0,10.0,3.0,0.843
12.0,10.0,4.0,0.833
12.0,10.0,6.0,0.832
12.0,10.0,7.0,0.838
12.0,10.0,8.0,0.86
12.0,10.0,9.0,0.828
12.0,10.0,10.0,0.639
12.0,12.0,1.0,1.098
12.0,12.0,2.0,1.093
12.0,12.0,3.0,1.07
12.0,12.0,4.0,1.063
12.0,12.0,6.0,1.064
12.0,12.0,7.0,1.076
12.0,12.0,8.0,1.097
12.0,12.0,9.0,1.138
12.0,12.0,10.0,0.889
13.0,3.0,0.0,0.728
13.0,3.0,1.0,0.735
13.0,3.0,2.0,0.728
13.0,3.0,3.0,0.728
13.0,3.0,4.0,0.727
13.0,3.0,6.0,0.727
13.0,3.0,7.0,0.727
13.0,3.0,8.0,0.723
13.0,3.0,9.0,0.723
13.0,3.0,10.0,0.72
13.0,4.0,0.0,0.721
13.0,4.0,1.0,0.735
13.0,4.0,2.0,0.727
13.0,4.0,3.0,0.729
13.0,4.0,4.0,0.729
13.0,4.0,6.0,0.729
13.0,4.0,7.0,0.727
13.0,4.0,8.0,0.722
13.0,4.0,9.0,0.722
13.0,4.0,10.0,0.71
13.0,6.0,0.0,0.73
13.0,6.0,1.0,0.788
13.0,6.0,2.0,0.79
13.0,6.0,3.0,0.787
13.0,6.0,4.0,0.782
13.0,6.0,6.0,0.782
13.0,6.0,7.0,0.79
13.0,6.0,8.0,0.78
13.0,6.0,9.0,0.775
13.0,6.0,10.0,0.781
13.0,8.0,0.0,0.71
13.0,8.0,1.0,0.78
13.0,8.0,2.0,0.777
13.0,8.0,3.0,0.784
13.0,8.0,4.0,0.781
13.0,8.0,6.0,0.78
13.0,8.0,7.0,0.785
13.0,8.0,8.0,0.789
13.0,8.0,9.0,0.752
13.0,8.0,10.0,0.752
13.0,10.0,0.0,0.671
13.0,10.0,1.0,0.781
13.0,10.0,2.0,0.838
13.0,10.0,3.0,0.835
13.0,10.0,4.0,0.826
13.0,10.0,6.0,0.824
13.0,10.0,7.0,0.83
13.0,10.0,8.0,0.852
13.0,10.0,9.0,0.814
13.0,10.0,10.0,0.653
13.0,11.0,1.0,1.095
13.0,11.0,2.0,1.097
13.0,11.0,3.0,1.075
13.0,11.0,4.0,1.066
13.0,11.0,6.0,1.067
13.0,11.0,7.0,1.08
13.0,11.0,8.0,1.102
13.0,11.0,9.0,1.144
13.0,11.0,10.0,0.889
14.0,0.0,0.0,0.735
14.0,0.0,1.0,0.737
14.0,0.0,2.0,0.732
14.0,0.0,3.0,0.73
14.0,0.0,4.0,0.728
14.0,0.0,6.0,0.728
14.0,0.0,7.0,0.729
14.0,0.0,8.0,0.728
14.0,0.0,9.0,0.728
14.0,0.0,10.0,0.727
14.0,1.0,0.0,0.733
14.0,1.0,1.0,0.737
14.0,1.0,2.0,0.731
14.0,1.0,3.0,0.729
14.0,1.0,4.0,0.727
14.0,1.0,6.0,0.727
14.0,1.0,7.0,0.728
14.0,1.0,8.0,0.727
14.0,1.0,9.0,0.727
14.0,1.0,10.0,0.725
14.0,2.0,0.0,0.73
14.0,2.0,1.0,0.736
14.0,2.0,2.0,0.729
14.0,2.0,3.0,0.727
14.0,2.0,4.0,0.726
14.0,2.0,6.0,0.726
14.0,2.0,7.0,0.726
14.0,2.0,8.0,0.724
14.0,2.0,9.0,0.725
14.0,2.0,10.0,0.722
14.0,4.0,0.0,0.73
14.0,4.0,1.0,0.783
14.0,4.0,2.0,0.783
14.0,4.0,3.0,0.78
14.0,4.0,4.0,0.776
14.0,4.0,6.0,0.775
14.0,4.0,7.0,0.779
14.0,4.0,8.0,0.776
14.0,4.0,9.0,0.774
14.0,4.0,10.0,0.783
14.0,5.0,0.0,0.731
14.0,5.0,1.0,0.786
14.0,5.0,2.0,0.786
14.0,5.0,3.0,0.783
14.0,5.0,4.0,0.779
14.0,5.0,6.0,0.779
14.0,5.0,7.0,0.784
14.0,5.0,8.0,0.778
14.0,5.0,9.0,0.775
14.0,5.0,10.0,0.783
14.0,7.0,0.0,0.723
14.0,7.0,1.0,0.776
14.0,7.0,2.0,0.78
14.0,7.0,3.0,0.781
14.0,7.0,4.0,0.777
14.0,7.0,6.0,0.776
14.0,7.0,7.0,0.781
14.0,7.0,8.0,0.787
14.0,7.0,9.0,0.757
14.0,7.0,10.0,0.761
14.0,9.0,0.0,0.662
14.0,9.0,1.0,0.775
14.0,9.0,2.0,0.83
14.0,9.0,3.0,0.826
14.0,9.0,4.0,0.815
14.0,9.0,6.0,0.813
14.0,9.0,7.0,0.819
14.0,9.0,8.0,0.843
14.0,9.0,9.0,0.803
14.0,9.0,10.0,0.66
14.0,11.0,0.0,0.129
14.0,11.0,1.0,1.089
14.0,11.0,2.0,1.1
14.0,11.0,3.0,1.081
14.0,11.0,4.0,1.069
14.0,11.0,6.0,1.071
14.0,11.0,7.0,1.084
14.0,11.0,8.0,1.107
14.0,11.0,9.0,1.153
14.0,11.0,10.0,0.887
15.0,0.0,0.0,0.735
15.0,0.0,1.0,0.777
15.0,0.0,2.0,0.781
15.0,0.0,3.0,0.776
15.0,0.0,4.0,0.773
15.0,0.0,6.0,0.773
15.0,0.0,7.0,0.775
15.0,0.0,8.0,0.778
15.0,0.0,9.0,0.773
15.0,0.0,10.0,0.776
15.0,1.0,0.0,0.731
15.0,1.0,1.0,0.778
15.0,1.0,2.0,0.782
15.0,1.0,3.0,0.776
15.0,1.0,4.0,0.773
15.0,1.0,6.0,0.772
15.0,1.0,7.0,0.776
15.0,1.0,8.0,0.779
15.0,1.0,9.0,0.774
15.0,1.0,10.0,0.776
15.0,3.0,0.0,0.727
15.0,3.0,1.0,0.781
15.0,3.0,2.0,0.781
15.0,3.0,3.0,0.774
15.0,3.0,4.0,0.77
15.0,3.0,6.0,0.77
15.0,3.0,7.0,0.774
15.0,3.0,8.0,0.776
15.0,3.0,9.0,0.776
15.0,3.0,10.0,0.778
15.0,4.0,0.0,0.726
15.0,4.0,1.0,0.775
15.0,4.0,2.0,0.779
15.0,4.0,3.0,0.775
15.0,4.0,4.0,0.771
15.0,4.0,6.0,0.77
15.0,4.0,7.0,0.774
15.0,4.0,8.0,0.777
15.0,4.0,9.0,0.76
15.0,4.0,10.0,0.769
15.0,5.0,0.0,0.727
15.0,5.0,1.0,0.775
15.0,5.0,2.0,0.779
15.0,5.0,3.0,0.777
15.0,5.0,4.0,0.773
15.0,5.0,6.0,0.772
15.0,5.0,7.0,0.776
15.0,5.0,8.0,0.779
15.0,5.0,9.0,0.759
15.0,5.0,10.0,0.766
15.0,6.0,0.0,0.732
15.0,6.0,1.0,0.77
15.0,6.0,2.0,0.789
15.0,6.0,3.0,0.79
15.0,6.0,4.0,0.785
15.0,6.0,6.0,0.783
15.0,6.0,7.0,0.787
15.0,6.0,8.0,0.795
15.0,6.0,9.0,0.756
15.0,6.0,10.0,0.735
15.0,7.0,0.0,0.737
15.0,7.0,1.0,0.765
15.0,7.0,2.0,0.806
15.0,7.0,3.0,0.806
15.0,7.0,4.0,0.799
15.0,7.0,6.0,0.798
15.0,7.0,7.0,0.801
15.0,7.0,8.0,0.812
15.0,7.0,9.0,0.763
15.0,7.0,10.0,0.724
15.0,8.0,0.0,0.725
15.0,8.0,1.0,0.861
15.0,8.0,2.0,0.847
15.0,8.0,3.0,0.819
15.0,8.0,4.0,0.814
15.0,8.0,6.0,0.813
15.0,8.0,7.0,0.815
15.0,8.0,8.0,0.828
15.0,8.0,9.0,0.831
15.0,8.0,10.0,0.591
15.0,10.0,0.0,0.138
15.0,10.0,1.0,1.061
15.0,10.0,2.0,1.077
15.0,10.0,3.0,1.051
15.0,10.0,4.0,1.038
15.0,10.0,6.0,1.039
15.0,10.0,7.0,1.053
15.0,10.0,8.0,1.082
15.0,10.0,9.0,1.134
15.0,10.0,10.0,0.88
16.0,0.0,0.0,0.73
16.0,0.0,1.0,0.772
16.0,0.0,2.0,0.775
16.0,0.0,3.0,0.767
16.0,0.0,4.0,0.764
16.0,0.0,6.0,0.763
16.0,0.0,7.0,0.766
16.0,0.0,8.0,0.774
16.0,0.0,9.0,0.761
16.0,0.0,10.0,0.77
16.0,1.0,0.0,0.725
16.0,1.0,1.0,0.779
16.0,1.0,2.0,0.778
16.0,1.0,3.0,0.771
16.0,1.0,4.0,0.767
16.0,1.0,6.0,0.767
16.0,1.0,7.0,0.77
16.0,1.0,8.0,0.778
16.0,1.0,9.0,0.767
16.0,1.0,10.0,0.775
16.0,3.0,0.0,0.718
16.0,3.0,1.0,0.774
16.0,3.0,2.0,0.78
16.0,3.0,3.0,0.773
16.0,3.0,4.0,0.768
16.0,3.0,6.0,0.767
16.0,3.0,7.0,0.773
16.0,3.0,8.0,0.78
16.0,3.0,9.0,0.757
16.0,3.0,10.0,0.757
16.0,5.0,0.0,0.732
16.0,5.0,1.0,0.772
16.0,5.0,2.0,0.786
16.0,5.0,3.0,0.784
16.0,5.0,4.0,0.78
16.0,5.0,6.0,0.778
16.0,5.0,7.0,0.781
16.0,5.0,8.0,0.79
16.0,5.0,9.0,0.754
16.0,5.0,10.0,0.737
16.0,7.0,0.0,0.691
16.0,7.0,1.0,0.814
16.0,7.0,2.0,0.847
16.0,7.0,3.0,0.83
16.0,7.0,4.0,0.823
16.0,7.0,6.0,0.822
16.0,7.0,7.0,0.825
16.0,7.0,8.0,0.842
16.0,7.0,9.0,0.835
16.0,7.0,10.0,0.642
16.0,8.0,0.0,0.697
16.0,8.0,1.0,0.83
16.0,8.0,2.0,0.857
16.0,8.0,3.0,0.841
16.0,8.0,4.0,0.835
16.0,8.0,6.0,0.834
16.0,8.0,7.0,0.836
16.0,8.0,8.0,0.853
16.0,8.0,9.0,0.849
16.0,8.0,10.0,0.62
16.0,9.0,1.0,1.042
16.0,9.0,2.0,1.055
16.0,9.0,3.0,1.038
16.0,9.0,4.0,1.029
16.0,9.0,6.0,1.031
16.0,9.0,7.0,1.044
16.0,9.0,8.0,1.069
16.0,9.0,9.0,1.145
16.0,9.0,10.0,0.923
17.0,0.0,0.0,0.733
17.0,0.0,1.0,0.775
17.0,0.0,2.0,0.773
17.0,0.0,3.0,0.768
17.0,0.0,4.0,0.763
17.0,0.0,6.0,0.762
17.0,0.0,7.0,0.765
17.0,0.0,8.0,0.775
17.0,0.0,9.0,0.755
17.0,0.0,10.0,0.758
17.0,2.0,0.0,0.728
17.0,2.0,1.0,0.768
17.0,2.0,2.0,0.772
17.0,2.0,3.0,0.766
17.0,2.0,4.0,0.761
17.0,2.0,6.0,0.76
17.0,2.0,7.0,0.763
17.0,2.0,8.0,0.774
17.0,2.0,9.0,0.749
17.0,2.0,10.0,0.736
17.0,3.0,0.0,0.743
17.0,3.0,1.0,0.764
17.0,3.0,2.0,0.774
17.0,3.0,3.0,0.767
17.0,3.0,4.0,0.762
17.0,3.0,6.0,0.76
17.0,3.0,7.0,0.762
17.0,3.0,8.0,0.773
17.0,3.0,9.0,0.752
17.0,3.0,10.0,0.722
17.0,4.0,0.0,0.735
17.0,4.0,1.0,0.764
17.0,4.0,2.0,0.777
17.0,4.0,3.0,0.771
17.0,4.0,4.0,0.766
17.0,4.0,6.0,0.764
17.0,4.0,7.0,0.767
17.0,4.0,8.0,0.779
17.0,4.0,9.0,0.749
17.0,4.0,10.0,0.724
17.0,6.0,0.0,0.691
17.0,6.0,1.0,0.811
17.0,6.0,2.0,0.839
17.0,6.0,3.0,0.823
17.0,6.0,4.0,0.816
17.0,6.0,6.0,0.814
17.0,6.0,7.0,0.816
17.0,6.0,8.0,0.835
17.0,6.0,9.0,0.827
17.0,6.0,10.0,0.646
17.0,7.0,0.0,0.11
17.0,7.0,1.0,1.066
17.0,7.0,2.0,1.062
17.0,7.0,3.0,1.031
17.0,7.0,4.0,1.02
17.0,7.0,6.0,1.022
17.0,7.0,7.0,1.036
17.0,7.0,8.0,1.065
17.0,7.0,9.0,1.127
17.0,7.0,10.0,0.883
17.0,8.0,1.0,1.057
17.0,8.0,2.0,1.051
17.0,8.0,3.0,1.025
17.0,8.0,4.0,1.016
17.0,8.0,6.0,1.018
17.0,8.0,7.0,1.031
17.0,8.0,8.0,1.058
17.0,8.0,9.0,1.123
17.0,8.0,10.0,0.881
18.0,0.0,0.0,0.747
18.0,0.0,1.0,0.773
18.0,0.0,2.0,0.79
18.0,0.0,3.0,0.782
18.0,0.0,4.0,0.778
18.0,0.0,6.0,0.776
18.0,0.0,7.0,0.777
18.0,0.0,8.0,0.786
18.0,0.0,9.0,0.766
18.0,0.0,10.0,0.721
18.0,1.0,0.0,0.754
18.0,1.0,1.0,0.76
18.0,1.0,2.0,0.783
18.0,1.0,3.0,0.773
18.0,1.0,4.0,0.768
18.0,1.0,6.0,0.767
18.0,1.0,7.0,0.767
18.0,1.0,8.0,0.778
18.0,1.0,9.0,0.764
18.0,1.0,10.0,0.696
18.0,2.0,0.0,0.76
18.0,2.0,1.0,0.758
18.0,2.0,2.0,0.786
18.0,2.0,3.0,0.772
18.0,2.0,4.0,0.766
18.0,2.0,6.0,0.765
18.0,2.0,7.0,0.766
18.0,2.0,8.0,0.778
18.0,2.0,9.0,0.772
18.0,2.0,10.0,0.692
18.0,4.0,0.0,0.697
18.0,4.0,1.0,0.831
18.0,4.0,2.0,0.838
18.0,4.0,3.0,0.82
18.0,4.0,4.0,0.815
18.0,4.0,6.0,0.813
18.0,4.0,7.0,0.814
18.0,4.0,8.0,0.829
18.0,4.0,9.0,0.834
18.0,4.0,10.0,0.632
18.0,5.0,0.0,0.693
18.0,5.0,1.0,0.816
18.0,5.0,2.0,0.834
18.0,5.0,3.0,0.817
18.0,5.0,4.0,0.811
18.0,5.0,6.0,0.809
18.0,5.0,7.0,0.811
18.0,5.0,8.0,0.828
18.0,5.0,9.0,0.826
18.0,5.0,10.0,0.641
18.0,7.0,0.0,0.124
18.0,7.0,1.0,1.068
18.0,7.0,2.0,1.059
18.0,7.0,3.0,1.029
18.0,7.0,4.0,1.017
18.0,7.0,6.0,1.018
18.0,7.0,7.0,1.034
18.0,7.0,8.0,1.063
18.0,7.0,9.0,1.129
18.0,7.0,10.0,0.892
19.0,0.0,0.0,0.702
19.0,0.0,1.0,0.845
19.0,0.0,2.0,0.84
19.0,0.0,3.0,0.821
19.0,0.0,4.0,0.816
19.0,0.0,6.0,0.814
19.0,0.0,7.0,0.815
19.0,0.0,8.0,0.829
19.0,0.0,9.0,0.845
19.0,0.0,10.0,0.649
19.0,1.0,0.0,0.699
19.0,1.0,1.0,0.852
19.0,1.0,2.0,0.84
19.0,1.0,3.0,0.821
19.0,1.0,4.0,0.816
19.0,1.0,6.0,0.814
19.0,1.0,7.0,0.815
19.0,1.0,8.0,0.828
19.0,1.0,9.0,0.846
19.0,1.0,10.0,0.638
19.0,2.0,0.0,0.698
19.0,2.0,1.0,0.862
19.0,2.0,2.0,0.845
19.0,2.0,3.0,0.826
19.0,2.0,4.0,0.822
19.0,2.0,6.0,0.821
19.0,2.0,7.0,0.822
19.0,2.0,8.0,0.833
19.0,2.0,9.0,0.851
19.0,2.0,10.0,0.631
19.0,3.0,0.0,0.697
19.0,3.0,1.0,0.946
19.0,3.0,2.0,0.934
19.0,3.0,3.0,0.91
19.0,3.0,4.0,0.902
19.0,3.0,6.0,0.903
19.0,3.0,7.0,0.91
19.0,3.0,8.0,0.932
19.0,3.0,9.0,0.975
19.0,3.0,10.0,0.776
19.0,4.0,1.0,1.06
19.0,4.0,2.0,1.039
19.0,4.0,3.0,1.01
19.0,4.0,4.0,0.999
19.0,4.0,6.0,1.001
19.0,4.0,7.0,1.015
19.0,4.0,8.0,1.046
19.0,4.0,9.0,1.115
19.0,4.0,10.0,0.919
19.0,6.0,0.0,0.119
19.0,6.0,1.0,1.068
19.0,6.0,2.0,1.051
19.0,6.0,3.0,1.022
19.0,6.0,4.0,1.009
19.0,6.0,6.0,1.011
19.0,6.0,7.0,1.026
19.0,6.0,8.0,1.056
19.0,6.0,9.0,1.123
19.0,6.0,10.0,0.904
20.0,0.0,0.0,0.103
20.0,0.0,1.0,1.042
20.0,0.0,2.0,1.025
20.0,0.0,3.0,0.997
20.0,0.0,4.0,0.987
20.0,0.0,6.0,0.989
20.0,0.0,7.0,1.003
20.0,0.0,8.0,1.031
20.0,0.0,9.0,1.092
20.0,0.0,10.0,0.92
20.0,1.0,1.0,1.039
20.0,1.0,2.0,1.02
20.0,1.0,3.0,0.995
20.0,1.0,4.0,0.985
20.0,1.0,6.0,0.987
20.0,1.0,7.0,1.001
20.0,1.0,8.0,1.028
20.0,1.0,9.0,1.098
20.0,1.0,10.0,0.918
20.0,2.0,1.0,1.037
20.0,2.0,2.0,1.019
20.0,2.0,3.0,0.996
20.0,2.0,4.0,0.987
20.0,2.0,6.0,0.989
20.0,2.0,7.0,1.002
20.0,2.0,8.0,1.03
20.0,2.0,9.0,1.105
20.0,2.0,10.0,0.921
